"","m5_T1","m5_T2","m5_T3","m5_T4","m5_T5","m5_T6","m5_T7","m5_T8","m5_T9","m5_T10","m5_T11","m5_T12","m5_T13","m5_T14","m5_T15","m5_T16","m5_T17","m5_T18","m5_T19","m5_T20","m5_T21","m5_T22","m5_T23","m5_T24","m5_T25","m5_T26","m5_T27","m5_T28","m5_T29","m5_T30","m5_T31","m5_T32","m5_T33","m5_T34","m5_T35","m5_T36","m5_T37","m5_T38","m5_T39","m5_T40","m5_T41","m5_T42","m5_T43","m5_T44","m5_T45","m5_T46","m5_T47","m5_T48","m5_T49","m5_T50","m5_T51","m5_T52","m5_T53","m5_T54","m5_T55","m5_T56","m5_T57","m5_T58","m5_T59","m5_T60","m5_T61","m5_T62","m5_T63","m5_T64"
"ASV_1",0.00142154602735516,0.00954269426199034,0.0115693816783003,0.021320548920248,0.0286756761543775,0.0263346899688772,0.0279004500062596,0.0329245387250028,0.060129144988592,0.0611052982022258,0.0682670667666917,NA,NA,0.063784305613019,NA,0.099084993607883,NA,0.118581568149052,NA,NA,0.105161583754349,0.0234288157332193,5.18510836876491e-05,0.00853563038371182,0.00609486588968758,NA,NA,0.0132576842990047,0.0602332754280852,0.132046184269281,0.132775648584906,0.401179121687849,0.443959966851533,NA,0.480767769871616,0.10652641245591,0.0543474884284427,0.108532097181889,0.0445921842062591,NA,NA,0.038317028214944,0.0622486414376239,0.176424549815628,0.172470299057763,0.29134033393172,0.321234952487895,NA,NA,0.306975589947209,0.261606569410038,0.246121619379459,0.264198492519875,0.224771193158615,NA,NA,0.133867895689797,0.26181198949404,0.281057526109501,0.349457745037855,0.298240901326673,0.202320592001149,0.118354268863243,0.112779833197467
"ASV_2",0.00107576456124174,0.111446314155097,0.217761165173681,0.142116773226684,0.156378965266831,0.0566472072337526,0.171839347373948,0.116377564173388,0.153832634512541,0.214410222798583,0.1731325688565,NA,NA,0.22827885808854,NA,0.129680968728902,NA,0.181033048685816,NA,NA,0.158203341077553,0.491538449649223,0.000414808669501193,0.442730357608979,0.409542419801336,NA,NA,0.52497755363249,0.243911085900663,0.0975993535903378,0.180037588443396,0.0695801199657241,0.0495008399124227,NA,0.0680154972018941,0.0563730094128942,0.019430896834519,0.135513166835154,0.0725829024134236,NA,NA,0.000832978874237912,0,0.000128406779228628,0.184975958946937,0.0569209017109632,0.103741804614772,NA,NA,0.0476695393222939,0.0227656421705397,0.00721752115480338,0.000962221356732113,4.80434312618607e-05,NA,NA,0,0,7.30335710981814e-05,0,0,0.0887940849913035,0.296036718035008,0.0520787608954662
"ASV_3",0.030774550484094,0.10625025818978,0.160383235591072,0.243725934095703,0.222106578944192,0.235852010091895,0.282960689673447,0.207048944867971,0.136307715483693,0.0894598256325745,0.0289358053799164,NA,NA,0.00779202868569852,NA,0.00416564919488057,NA,0.00367361650216258,NA,NA,0.00177010731275584,0.000504811537130777,0.000501227142313941,7.83085356303837e-05,0.000162839928350431,NA,NA,0,0.00092175701067111,0.00888813285419635,0.00961821933962264,0.00119965724078835,0.000344234079173838,NA,0,0.000104355811575147,0,4.97174392204306e-05,0,NA,NA,0.000283567276336311,0,0.00313338179630512,0.000215614825675414,0.00391275809353504,0,0,0,0,0,0.0111013834234002,0,0,0,0,0,0,0,0,0,0,0,0
"ASV_4",0.0796834178576917,0.173501435647638,0.0905458529354902,0.0521274743135775,0.0280480632299094,0.0325224213182078,0.00844052258546534,0.011343129672596,0.0318863139923172,0.0643393893274993,0.122548494266424,NA,NA,0.140118604330437,NA,0.211514428946953,NA,0.178329821448375,NA,NA,0.175720028026699,0.0296921761436511,0.0406897485197388,0.00198381623596972,0.00118640519226743,NA,NA,0.000573098744913749,0.0179314841841428,0.121286865551043,0.102391656839623,0.0200202539534159,0.00618346401478932,NA,0.0024562558557646,0.00304718969799428,0.0092572458140474,0.00599923766593196,0.019826938101626,NA,NA,0.0540018431872961,0.0323504600474761,0.0488556889679894,0.0342180728346881,0.048439267475248,0.0750000588975856,NA,NA,0.122005143707982,0.128543903110377,0.156508519518048,0.0277805107530638,0.0608229839775156,NA,NA,0.0564582500529076,0.0602510739974018,0.0704043625386469,0.0936361776140781,0.128342346050933,0.128151986183074,0.138798310034877,0.194132485596067
"ASV_5",0.0219763331796527,0.0381088115008055,0.0383235591072158,0.0265668233973801,0.0165961139942259,0.00836080366844074,0.00657251316083802,0.00581887820866939,0.00346481207160612,0.00448967944449729,0.00527810524059586,NA,NA,0.00490736909851514,NA,0.00512805780197366,NA,0.00338997650809766,NA,NA,0.00731398507701195,0.00384779820436084,0,0.018734929064824,0.0357782585432805,NA,NA,0.0175368215943607,0.0483432454203193,0.0273873567373323,0.0293890035377359,0.17430863909013,0.18886976477338,NA,0.122205059380618,0.514310561148532,0.573529868596812,0.369234848610398,0.423515190825066,NA,NA,0.302917123245318,0.358797794911031,0.368034492266813,0.242782293710516,0.209318950863425,0.110914054481732,NA,NA,0.0389613319496458,0.00836557948328036,0.00589016094242575,0.00246949785753233,0.036200725455812,NA,NA,0.0982669833282387,0.169105550264092,0.163923144936422,0.0593820339676693,0.0273289700981139,0.00774323546344272,0.00535911758868064,0.00690509116910165
"ASV_6",0.0738819732595667,0.11268536949121,0.105497196623059,0.162419457827828,0.186560158699233,0.165761219867037,0.114423466811477,0.109343350642655,0.0851891837605764,0.07206315989727,0.0973636266209409,NA,NA,0.0400864248609387,NA,0.0252093597828116,NA,0.0110901630253965,NA,NA,0.0340745657705498,0.0172509619495511,0.000120985861937848,0.0106435269862674,0.00469909507525531,NA,NA,0.00166198636024987,0.0175488353954692,0.0250909013587361,0.0161913215453811,0.000794578172470203,0.000267737617135208,NA,0,0.000129785992114295,0,0,0.000191635832952519,NA,NA,9.28500577524479e-05,0,0.000225603489333968,0,0.00034763131188437,0.00568696345129858,NA,NA,0.00936245093173307,0.0163317735572071,0.0430977268956364,0.00918692295356137,0,0,0,0,0,0,0,0,0,0,0
"ASV_7",0,0,0,0,0.000301103455604952,0.0750630743448555,0.0944005815479676,0.0893092908738991,0.0475281829822491,0.0666413012460763,0.0808327081770442,NA,NA,0.0494921481501453,NA,0.0411824697990433,NA,0.0503770655428635,NA,NA,0.0451746137109562,0.00532278751603249,0.0192713194372429,0.00185330200991908,0.000814199641752158,NA,NA,0.00989550499551073,0.0925302229942921,0.0205830445044547,0.0486197261555327,0.0409462842344922,0.0578440747115446,NA,0.036362715555443,0.0673721119529147,0.0195458512068826,0.00723300816346478,0.00617657030823886,NA,NA,0.00288884162767617,0.000879368033378183,0.000325871706815732,0.000819336337566571,0.00192225205331469,0.00497458374083868,NA,NA,0.0085728466362857,0.00973535078200778,0.0262568442010951,0.0984673188389195,0.0663306102326462,NA,NA,0.0826298586780164,0.0303633792247525,0.0697470603987633,0.075792919991815,0.0954932633423,0.0889464594127806,0.078486970822582,0.10340502915909
"ASV_8",0.182803135085293,0.0116701780476722,0.0232244488078193,0.0664654321704301,0.0864875396305283,0.102926281283954,0.0809724774347272,0.107686075203476,0.0996649803659359,0.0855892704270903,0.0983817382917159,NA,NA,0.13297906584083,NA,0.0700403637042676,NA,0.0759260286126207,NA,NA,0.076446309065312,0.0819581017528858,0.142936154032286,0.053876272513704,0.0742317444808895,NA,NA,0.0391044376946148,0.131953061296841,0.179463735142146,0.113004864386793,0.00808067608014003,0.00420759470116387,NA,0.00131675571649237,0.00217480971852608,0.00282687707744401,0.00238771695677468,0.00185739345784749,NA,NA,0.00705373599886574,0.00119671198477626,0.00256453517191912,0.000819336337566571,0.0022313425287496,0.00177491215995943,NA,NA,0.000947525154536841,0.000848701715753739,0.00423096067695371,0.00252010355334601,0.00072065146892791,NA,NA,0.00145789733581019,0.00375212861142379,0.00202059546704969,0.00888070390832822,0.0400952820896238,0.0333333333333334,0.0205007514106672,0.0327020756255095
"ASV_9",0.219532810819118,0.0958193910852232,0.0691929281862903,0.0220302824824114,0.010485485042243,0.00162059630577706,0.00155483310784888,0,0.0245136591755282,0.0120041852943974,0.00340263637337906,NA,NA,0.00726336597250954,NA,0,0,0,0,0,0,0,0,0,0,NA,NA,0.000554469155334979,7.09043854362392e-05,0,0,0,0,0,0,0.0503829858284808,0.198999720418751,0.213271241775907,0.271925037373235,NA,NA,0.258099390330356,0.20591293429855,0.063565096656537,0.103926345975549,0.0630371582442372,0.0447108825056447,NA,NA,0.0381942877769256,0.0874327862243876,0.0491123278579725,0.0645146509656579,0.0414614811789858,NA,NA,0.0606908552213888,0.0134499379455653,0,0,0,0.000123493493211795,0,0
"ASV_10",0.00053788228062087,0.00251993225100177,0.00350153594981848,0.00426208588614788,0.00627003666377371,0.00832397193421852,0.00987419986672858,0.0109748462416676,0.00775816616033543,0.00606867687624845,0.00833247684802908,NA,NA,0.00694157127752494,NA,0.0101828825054172,NA,0.0108544970611068,NA,NA,0.0103625032267581,0.0213456177454843,0,0.0173322892195249,0.0138879196036011,NA,NA,0.00984729416780217,0.0134363810401673,0.00941971974738991,0.00337190448113208,0.000669938459141545,0.000382482310193154,NA,0.0347167709098275,0.0382580245839786,0.0173029728806188,0.015710710793656,0.00966212153446813,NA,NA,0.0662306819792995,0.102564102564103,0.164088937908906,0.102460165160957,0.15932124378023,0.0993347097958248,NA,NA,0.0934440283355142,0.104968174266087,0.0728181516509042,0.0491878393548535,0.0995940330058372,NA,NA,0.103478629482396,0.0888965855629636,0.0262190520242471,0.0337630448127686,0.0436914095391351,0.0217040875071963,0.016141818541037,0.0322631215902678
"ASV_11",0.039380666974028,0.109947535836741,0.0553156752808747,0.0364350535012867,0.0171628969694823,0.0155292172445485,0.00535104900753185,0.0093175708024896,0.0210901604358633,0.0395890801864358,0.0710578463303355,NA,NA,0.0774720728175424,NA,0.115675768849563,NA,0.106596168164872,NA,NA,0.100408943639891,0.0182556648140231,0.00833751438166123,0.000835291046724093,0.00046525693814409,NA,NA,0,0.0105109198028702,0.0683195475132365,0.0620371542995481,0.00858456025551142,0.00235864091285778,NA,0.000709022308880505,0.00114791392732661,0.00309092603522724,0.00233671964336024,0.00871205979037988,NA,NA,0.0240854955338154,0.0176956427912817,0.0259694683277768,0.0170982556760603,0.0246462631304344,0.0400381545743229,NA,NA,0.0654920362766773,0.0739517386916231,0.0821489520220388,0.0124172375083049,0.032429316101756,NA,NA,0.0288052296188304,0.0303199102782062,0.0355186600774156,0.0491508082668303,0.0682783526373892,0.0718480138169258,0.0800908483390557,0.106948015300683
"ASV_12",0,0.0164002148138968,0.0401924770681618,0.0318879278651729,0.0255583697904674,0.0386688760261901,0.0186767428459271,0.0621662431407211,0.0871977704687539,0.0587463140873205,0.0288018433179724,NA,NA,0.040247322208431,NA,0.0408472535158606,NA,0.012205721890874,NA,NA,0.0281742080613637,0.0173792218896965,0,0.0173855249147209,0.015353478958755,NA,NA,0.0214912029342656,0.0368819509384447,0.0537328031640052,0.0445902122641509,0.0289631533847472,0.0166762287244215,NA,0.0941480337292042,0.029138842485098,0.0417197353297506,0.0316534363036741,0.0327844686528001,NA,NA,0.0687827874663263,0.0450238361485492,0.0334394505301682,0.0188878587291662,0.0182375649355807,0.034188288112403,NA,NA,0.0381717276541984,0.0277777777777778,0.0249294839887174,0.02226066331169,0.0332220327175767,NA,NA,0.028969830930938,0.0413090697973469,0.0900990822114564,0.0331900961735216,0.0343543588496154,0.052734599884859,0.0109167210139791,0.0379381701887503
"ASV_13",0.181016668893902,0.0770456970845564,0.0259070696655281,0.0231806660087847,0.0301634814644255,0.0346954936373179,0.0314403888484762,0.0934328525507658,0.0758241482336991,0.0673832397983449,0.0652167702256396,NA,NA,0.0453385739897945,NA,0.0324058778746571,NA,0.0291116779416658,NA,NA,0.0385845702080043,0.0501923899102181,0.0301427633170867,0.0254035807323117,0.018540488985042,NA,NA,0.0300303742334804,0.0759740489949303,0.053754066639733,0.0306470607319603,0.00285113344239308,0.000892458723784025,NA,0.000810311210149148,0.0012429002703312,0.000714485415178156,0.000215442236621866,0.000235859486710792,NA,NA,0.000988446962361955,0.000156945834069017,0.00228110194771012,0.000194053343107872,0.0029230940314868,0.0235930500718417,NA,NA,0.0289220773361007,0.0357830993669144,0.0629459100713456,0.028776026004074,0.000312282303202095,NA,NA,0.00275119335951278,0.000115450111120732,0.000170411665895757,0.00640656074002327,0.0155866998484366,0.0183649971214738,0.0286953809510307,0.0405405405405405
"ASV_14",0.0635085292761642,0.0431332693668686,0.0169501080103709,0,0.027524398235888,0.008923182075899,0.0234436524443188,0,0.0317858846569083,0.026919052601541,0.027435430286143,NA,NA,0,NA,0,NA,0.0159421093490074,NA,NA,0.0107435679954764,0.00583582727661394,0,0.00422866092404072,0.00637402005257404,NA,NA,0.0085773778822091,0.0341404615875492,0.0251759552616471,0.042585457970486,0.0787099789670484,0.0743928093325683,NA,0.0236003139955939,0.0451025817627783,0,0.0234500588323031,0.00630924126951369,NA,NA,0,0.0845845871535501,0.0700373499110119,0.0474568231311585,0.0693281649641761,0.0442399874427984,NA,NA,0,0.0563813193870997,0.0636510701841713,0.141217439116589,0.187153186480578,NA,NA,0.131539962847132,0.0922446387854647,0.103415536675025,0.113671708094001,0.0615048680634915,0.0324985607369027,0.0218334420279581,0.031071674923183
"ASV_15",0.00372320354928071,0.0183624571404966,0.0194872918440595,0.0216520578162187,0.0161001788908766,0.00563525533599749,0.00510873735436061,0.00655544507052628,0.00406267027513853,0.00492723294968134,0.00490847425915022,NA,NA,0.0185971282923279,NA,0.0305816108134507,NA,0.0277115448597095,NA,NA,0.0282465063070543,0.0194527575887131,0,0.0125032628556513,0.0110033265871077,NA,NA,0.00483313274877261,0.0283617541744957,0.022454230368496,0.00685436320754717,0.000300782703027186,0.000152992924077261,NA,0.000354511154440252,0.000229582785465322,0.000869808331521232,0.000152713064872101,0.000265341922549641,NA,NA,0.00031901318587835,0.000221089000378412,0.00433660040608628,0.00105651264580953,0.00392393600965892,0.0150324193139421,NA,NA,0.0338803808917373,0.0444077438297091,0.0336610253857641,0.00194735274576737,0,0,0,0,0,0,0,0,0,0,9.40615789803725e-05
"ASV_16",0,0.02061387202049,0.0189684432128204,0.0108473251462128,0.00740360261428647,0.0046109400214787,0.00779435817700866,0.00685007181526903,0.0105322146341002,0.0107676210406164,0.00943092916086164,NA,NA,0.00690709327449087,NA,0.00466074398516056,NA,0.00515692580680936,NA,NA,0.00614649763280117,0.0212697734074391,0.000103702167375298,0.0564343513442965,0.0152139018773117,NA,NA,0.0857355722390968,0.0163789130357713,0.00565608454357949,0.0117556014150943,0.00258627405156968,0.00113567885245097,NA,0.00313995593932795,0.0204537390687287,0.00585567394613401,0.00787807521488933,0.0156404322125094,NA,NA,0.0291010917340139,0.00876934847860632,0.00752011631113228,0.0111610827593673,0.00851510000476591,0.0134506948720735,NA,NA,0.0104748884612385,0.00838544595272433,0.0142483822797412,0.0383743041077688,0.0280813855725576,NA,NA,0.0368804294610509,0.0197419690016451,0.0208389122866811,0.0350537192191342,0.0166719682652546,0.00546829287238446,0.0105481044602603,0.00263372421145043
"ASV_17",0.0105189811151778,0,0.000622972653648686,0.00472807247161178,0.00648258027949485,0.00611406788088617,0.00646164408456676,0.0054137664346481,0.00544829144593136,0.00635403785789024,0.00499107961003736,NA,NA,0.00680365926538869,NA,0.00281695374757462,NA,0.0043806143950316,NA,NA,0.00432692898673648,0,0,0,0,0,0,0,0.00124082674513419,0.00542218631057433,0.0118845813679245,0.00157357638077432,0.000248175180038465,NA,0.000354511154440252,0.000333938597040469,0,0.0101423576009678,0.0073411265238734,NA,NA,0.0150113426910535,0.0143409255880564,0.00493820971097686,0.00791064357080057,0.00148102486802093,0.00438294635418553,NA,NA,0.0047376257726842,0.0124977762293997,0.0226743684447637,0.0630484088982565,0.0210190011770641,NA,NA,0.0598529023216879,0.0384160244754235,0.0170898556369745,0.0263556374053612,0.012854817281964,0.0196027633851468,0.0250426985755055,0.0263058882548442
"ASV_18",0.00503304134009528,0,0.000451118128504221,0.00365704997968306,0.0057209656564941,0.0068612753122423,0.00636068089574541,0.0050823113468125,0.0068794094755078,0.00604965281080567,0.00624452386561387,NA,NA,0.00664276191789638,NA,0.00305959751210193,NA,0.00478263280470223,NA,NA,0.00435151381052476,0.000106883283454468,0,0,0,0,0,0,0.00127627893785231,0.00703821046588276,0.0129901238207547,0.00176053595076732,0.000305985848154523,NA,0.000343551028820422,0.000229582785465323,0,0.0107058219121327,0.008785765879977,NA,NA,0.016429179072735,0.0157142016361603,0.00436166746045673,0.00840897820134113,0.00181437689100364,0.00462077639427554,NA,NA,0.00486616054122957,0.00997797963115882,0.0216254405521296,0.0630025888336503,0.0217636743616229,NA,NA,0.0595386460366355,0.0429366848321089,0.0172115782554714,0.0287824591853055,0.0139775087476377,0.0193436960276339,0.0300636529903915,0.0272151501849878
"ASV_19",0.000747178028888512,0,0,0,0,0,0,0.000810223548042573,0,0.000380481308855702,0.000294716536276926,NA,NA,0.00775755068266445,NA,0.0193056293721361,NA,0.0221704832725114,NA,NA,0.0172708387112635,0.030119709277469,8.85362723178755e-05,0.0946489167319237,0.0958661921045897,NA,NA,0.0754388981221464,0.0441379799340589,0.00563655831754123,0.000773879716981132,0,0,0,0,0,9.31937498058463e-05,0,0,0,0,0,0,0,0,0,0,0,0,0,0,0,0,0,0,0,0,0,0,0,0,0,0,0
"ASV_20",0,0,0,0,0,0,0,0,0,0,0,0,0,0,0,0,NA,0,0,0,0,0,0.00463203014276332,0.00678673975463326,0.00954116585498098,NA,NA,0.0078896593883126,0.000957209203389228,0.00242413541438595,0.016444139394608,0.0504479239697749,0.0707464779753936,NA,0.0408953938872148,0,0,0,0,0,0,0,0,0,0,0,8.45196266647348e-05,NA,NA,0.000688850385960545,0.00800532158913662,0.0121743819479011,0.067633710297048,0.0282495375819741,NA,NA,0.0443482963764197,0.0760527607007821,0.0448182681305841,0.0335948970699923,0.041932526242913,0.077461139896373,0.0355289647545865,0.0365272465040447
"ASV_21",0,0,0.000537045391076454,0.011106596234593,0.00414460050656228,0.0012891106977772,0.00498758152777497,0.00188537772528664,0.00168219136809862,0.00637306192333301,0.0084128174900868,NA,NA,0.0199742564244012,NA,0.0117643678986454,NA,0.0158727958300987,NA,NA,0.00637976177305749,0.020478837109876,0,0.0129992169146437,0.0129228287029889,NA,NA,0.00624677631955986,0.00592051618392598,0.00346594654362202,0.022684963512984,0.0196793045146271,0.012736660929432,NA,0.00899768691421219,0.00229582785465323,0.000149189969130855,1.65724797401435e-05,2.9482435838849e-05,NA,NA,0,0,0,0,0,0,NA,NA,0.00482786626359247,0.0103679236627213,0.00837896134063382,0.00295539416710577,0,0,0,0,0,0,0,0,0,0,0
"ASV_22",0,0,0,0,0,0.00069980295022191,0,0.000754617411522504,0.000778327349418765,0.000456577570626843,0.000294716536276926,NA,NA,0.000264331356594493,NA,0.000287286151371073,NA,0.000318842186980148,NA,NA,0.000515044171151329,0.000577169730654125,0.0203256248055584,0.000208822761681023,0.000116314234536023,NA,NA,0.000305652663953999,0.000354521927181196,0.00374451513096006,0.00320607311320755,0.00249413118137227,0.00124944221329763,NA,0.0132688460661923,0.00148185252436708,0.000124258333074462,0.000173008235868612,0,NA,NA,0.000141783638168155,0,5.01341087408819e-05,4.31229651350827e-05,4.76591418177197e-05,2.41484647613528e-05,NA,NA,0,9.1751536838242e-05,0,0,7.20651468927911e-05,NA,NA,0,0.000173175166681098,0.000365167855490908,0.00622058522611008,0.0155533796029778,0.015342544617156,0.00805285394277937,0.0141719445663761
"ASV_23",0.0673505455663132,0.011257074399967,0.0121265490997657,0.0123256128944873,0.012575497263501,0.00867387340932948,0.0117521151788058,0.0120060398482672,0.00502146677044365,0.0063532996909718,0.0074750830564784,NA,NA,0.00516020778743161,NA,0.00419794051183101,NA,0.00321614727736498,NA,NA,0.00264038349871039,0.00411337437691266,0.0173701130353624,0.00843121900287132,0.00753872464968553,NA,NA,0.00250253118612337,0.0037933846208388,0.0032533117863446,0.00694649174528303,0.0378125730310821,0.0248359638763083,NA,0.00564427515431455,0.00123139857658673,0.000714485415178156,0.000156418860722982,0,NA,NA,0.00150645115553665,0.0028250250132423,0.00223096783896925,0.00185382696775929,0.0009690692169603,0.000313930041897586,NA,NA,0.000254797871871015,0.000344068263143408,0.000539240086278414,0.00272629384407432,0.0263518220471306,NA,NA,0.00609024854798128,0.0011833636389875,0.000876402853178177,0.00241456926539799,0.00310611305503059,0,0.000822298465988034,0.00213206245688844
"ASV_24",0.000384201629014907,0.00840665923080101,0.0240596335202251,0.0156343723999149,0.0215346975221046,0.0290049906999871,0.0125598206893767,0.0170883511950797,0.0153907956514098,0.00678252977779649,0.00426582257517578,NA,NA,0.00319496161448996,NA,0.0118751127990417,NA,0.009426638571587,NA,NA,0.0164718319381446,0.0148062833988556,0.00473573231013861,0.00174889062907857,0.000767673947937749,NA,NA,0.000358971515635781,0.00241074910483213,0.00112538155522517,0.000552771226415094,0.000218119498325154,6.68527405911865e-05,NA,2.53222253171609e-05,0,0,0,0,0,0,0,0,0,0,0,0,0,0,0,0,0,0,0,0,0,0,0,0,0,0,0,0,0
"ASV_25",0,0,0,0,0.00638816312598501,0.00829483991913255,0.0148012034812107,0.0169410378227083,0.0215923071129077,0.0200133168458099,0.0202686611163145,NA,NA,0.0122281984094148,NA,0.0163609463205826,NA,0.0079987800820672,NA,NA,0.0135339454954457,0.014450619923044,0,0.00472461498303315,0.00478273618073185,NA,NA,0.00278472372609506,0.00124082674513419,0,0.000165831367924528,9.34797849964945e-05,1.27494103397718e-05,NA,0,0,3.10645832686154e-05,0,0,0,0,0,0,0,0,0,0,0,0,0,0,0,0,0,0,0,0,0,0,0,0,0,0,0
"ASV_26",0,0,0,0,0,0,0,0,0,0,0,NA,NA,0,0,0,0,0,NA,NA,0.0018561541960148,0.00352714835399743,0.0231103157836216,0.00660401983816236,0.00637402005257403,NA,NA,0.0170019294324412,0.0326869216861063,0.0396981601702647,0.0242298054245283,0.00755628262054997,0.000178491744756805,NA,0.000337992352897921,0.000166969298520235,0,0,0,NA,NA,0.000106337728626117,0,0,2.15614825675413e-05,0,0,0,0,0,0,0,0,0,NA,NA,7.05434194746867e-05,0,0,0,0,0,0.00368616553718773,0
"ASV_28",0.00193230858778206,0.00019983749104474,0,0,0,0,0,0,0,0.0077998668315419,0.00559961418926161,NA,NA,0,NA,0,NA,0.0135204144357625,NA,NA,0.0105591818170643,0.000855066267635742,0,0,0.00021429728158108,NA,NA,0,0.00251710568298649,0.0144310312973515,0.0111291273584906,0.00127755706161876,0,0,0,0,0,0,0,0,0,0,0,0,0,0,0,NA,NA,6.76803681812029e-05,0,0,0,0.0358246769310253,NA,NA,0.00964093399487384,0,0,0,0,0,0.0104063288626762,0
"ASV_29",0,0,0,0.00127706507227027,0.00116898988646629,0.00152851697022154,0.00205964905195566,0.00226836779609003,0.00208390870973411,0.00145220118938872,0.00262565641410353,NA,NA,0.00314899094377787,NA,0.0076561759340391,NA,0.00560053232782522,NA,NA,0.00392127939422994,0.00209491235570757,0.00186663901275537,0.00174889062907857,0.0016241772710602,NA,NA,0.00282728714157449,0.00407700216258376,0.00503944374747496,0.00318173458055084,0.00151125652411,0.00220564798878052,NA,0.00136740016712669,0,0,0,0,0,0,0,0,0,0,0,0,0,0,0,0,0,0,2.48962511717481e-05,NA,NA,0.00112869471159499,0.000692700666724392,0.00328651069941817,0.00587468072217314,0.00772406322813917,0.0106793321819228,0.01108685173108,0.0189166489017764
"ASV_30",0,0,0,0,0,0,0,0,0,0,0,0,0,0,0,0,NA,0.00034656759454364,NA,NA,0.000934223303954469,0.00173150919196238,0.00248885201700716,0.0147220046985121,0.0140740223788587,NA,NA,0.00326666284600837,0.00499875917325486,0.00095685640774841,0.00178729363207547,0.000973066399893181,0.000242238796455664,NA,0.000709022308880504,0.00175317763446246,0.00719264484788597,0.0110538439866757,0.0166575762489497,NA,NA,0.0244576775840068,0.0145567261099013,0.00664481741447488,0.00493757950796697,0.00597327910782087,0.00812595839219521,NA,NA,0.0141079259042645,0.0162629599045784,0.00727974116475859,0.00859126211367959,0.00206586754426001,NA,NA,0.00460883673901286,0.000432937916702745,0.0016742482242829,0.000818498056067117,0.0012980281348932,0.000402993667242372,0.000680522868403891,0.00125415438640497
"ASV_31",0.000307361303211926,0.000578345106787293,0.000765965156843764,0.000638532536135137,0.00100958217467543,0.0435903574519806,0.000787512872806575,0.000847051891135417,0.00338949007004947,0.00582218243181339,0.00273282606365877,NA,NA,0.00182733416080541,NA,0.0023557464412428,NA,0.0021903071975158,NA,NA,0.00203035380309823,0.00247969217614365,0.437536727850946,0.00412424954320021,0.00281480447577174,NA,NA,0.00641870594303398,0.00148899209416102,0.00180739543685811,0.0048828125,0.00158021541710056,0.00189966214062599,NA,0.00149401129371249,0.00104355811575147,0.00104066353949862,0.00147495069687277,0.0019076604850476,NA,NA,0.0177584006805615,0.000255036980362152,0.000935267275989101,0.000587217985268455,0.000889637313930766,0.00073652817522126,NA,NA,0.000472767374328757,0.00138085096573754,0.000850340136054421,0.000435290613759765,0.000625775649449543,NA,NA,0.000305688151056975,0.000173175166681098,0.000194756189595151,0.000204624514016779,0.000598768781692645,0.000360604143714954,0.00045368191226926,0.000574414915810255
"ASV_32",0,0,0,0,0,0,0,0,0,0,0,0,0,0,0,0,0,0,0,0,0,0,0,0,0,0,0,0,0,0,0,0,0,0,0,0,0,0,0,0,0,0,0,0,0,0,0,0,0,0,0,0,0,0,0,0,0,0,0,0,0,0,0,0
"ASV_33",0,0,0,7.73978831678953e-05,0.00527383416748249,0.00972357783466234,0.0103184378975426,0.00905977240083969,0.00858670817745863,0.0108056691715019,0.0102300019269591,NA,NA,0.00742426332000184,NA,0.0146228651047876,NA,0.00831762226904735,NA,NA,0.00812528426202506,0.00624164821921239,0.00221231290400636,0.00101801096319499,0.00067462256030893,NA,NA,0.000477582287428124,0.000739978547558968,0.00314699440770588,0.00364829009433962,0.00397289086235102,5.09976413590871e-05,NA,0.00023872162347496,0.000104355811575147,0,0,0,0,0,0,0,0,0,0,0,0,0,0,0,0,0,0,0,0,0,0,0,0,0,0,0.00292057731023336,0
"ASV_34",0,0,0,0,0.000106271807860571,0.000355531901692417,0.00147406255679179,0.00162044709608515,0.00173240603580306,0.00517454580043755,0.000214339299110492,NA,NA,0.00151703213349883,NA,0.0017668098309321,NA,0.00396473328157924,NA,NA,0.00256911408587479,0.00386917486105173,0,0.0163177660659181,0.0215413962360714,NA,NA,0.00487133933176686,0.0149543467327855,0.00220504182438806,0.00534345518867924,0.0100646568512892,0.0056479887805189,NA,0.0143540739273032,0.0029615972062096,0.00208132707899723,0,0.000798750861369825,NA,NA,0,0,0,0,0,0,0,0,0,0,0,0.000343650484547183,0.0083115136083019,NA,NA,0.00801843534695605,0.00303056541691922,0.000548195230510638,0.0017597708205443,0.0065490335497633,0.0187392055267703,0.0105197493407435,0.00788712543480927
"ASV_35",0,0.000578345106787293,0.000214818156430581,0.0011803177183104,0.000690766751093714,0.000718218817333014,0.000620241035979743,0.00272529738887047,0.000954078686384293,0.0021687434604775,0.00190226127960562,NA,NA,0.00185031949616145,NA,0.00343306950888433,NA,0.00221803260507929,NA,NA,0.00313456503300513,0.0098973920478837,0.00717273324345812,0.0210202947821013,0.0376964590424211,NA,NA,0.0184155730032285,0.000709043854362392,0.0014481837071193,0.00138652478953912,7.78998208304121e-05,0,0,0,0,0,0,0,0,0,0,0,0,0,0,0,NA,NA,2.25601227270676e-05,6.88136526286815e-05,0.000311100049776008,0,0,NA,NA,0.000188115785265831,0.000173175166681098,0.000124977818471237,0.000286474319623491,0,0.000287852619458837,8.50653585504863e-05,0
"ASV_36",0,0,0,0,0.00304645849200304,0.00162059630577706,0.000806811922165208,0,0.000627683346305456,0.000646818225054694,0.000428678598220985,NA,NA,0.000347828271869902,NA,0,NA,0.00142785848951979,NA,NA,0.000405649592506546,0.00029927319367251,0.000207404334750596,0,0.000950612486036898,NA,NA,0.000649511910902248,0.000369417726251427,0,0.000668597378119704,0.00090363792163278,0.000777714030726079,NA,0.000810311210149148,0.00108530044038153,0.0078642363251619,0,0,0,0,0,0,0,0,0,0,0,0,0,0,0,0,0,0,0,0,0,0,0,0,0,0,0
"ASV_37",0,0,0,0,0,0,0,0,0,0,0,0,0,0,NA,0.0080296479308215,NA,0.00898303205057115,NA,NA,0.000647498265104386,0.000192389910218042,0,0,0,0,0,0,0,0,0,0.000113852815648259,0,NA,0.0032412448405966,0.00152359484899714,6.51560337767663e-05,6.62899189605741e-05,0,0,0,0,0,0,0,0,0,0,0,0,0.000321130378933847,0,0,0,NA,NA,0,0,0.00221535165664484,0.000900347861673829,0.00268215204702547,0.0514968336211859,0.0201037797374316,0.0265880729917853
"ASV_38",0,0,0,0.00785533526111856,0.012345241679803,0.0109758567982173,0,0,0.015690899649434,0.0126140463457248,0.0136105454935162,NA,NA,0.00742426332000184,NA,0.00466333981644792,NA,0.00259232560718643,NA,NA,0.00670377736367344,0.00752458315519452,0,0.000965805272774733,0.000814199641752158,NA,NA,0,0,0,0,0,0,0,0,0,0,0,0,0,0,0,0,0,0,0,0.000120742323806764,NA,NA,0,0,0,0,0,NA,NA,0.000188115785265831,0,0,0,0,0,0,0
"ASV_39",0,0,0,0,0,0.00147326936888823,0,0,0,0,0,0,0,0,0,0,0,0,0,0,0,0,0,0,0,NA,NA,0,0.00191441840677846,0.000680431223287759,0.000571196933962264,0.000701098387473708,0,0,0,0,0,0,0,0,0,0,0,0,0,0,0,NA,NA,0.000315841718178947,0,0,0,0,NA,NA,0,0,0,0,0,0,0,0
"ASV_40",0,0,0,0,0,0,0,0,0,0,0,0,0,0,0,0,NA,6.93135189087279e-05,NA,NA,8.60468832589642e-05,0.000112090523904868,0,0,0.000139577081443227,NA,NA,1.9103291497125e-05,0,0.000148844330094197,0.000294811320754717,0,8.92458723784025e-05,NA,0,0,0,3.3144959480287e-05,2.9482435838849e-05,NA,NA,3.54459095420388e-05,0,0.000175469380593086,0.000797774854999029,0.00138257938165446,0.00397242245324253,NA,NA,0.0060686730135812,0.00310200099540017,0,0,0,0,0,0,0,0,0,0,0,0,0
"ASV_41",0.00185856237349009,0.00871648696657991,0.00603639019569934,0.00278242077553378,0.00115127791848952,0.00119890172709638,0.00242311653171254,0,0,0,0,NA,NA,0.00566145948785385,NA,0.00443857103868308,NA,0.00163579904624598,NA,NA,0.00519969023122027,0.00476699444206926,0,0.00301910057860096,0.00137250796752507,NA,NA,0,0.00232961808315632,0.00282804227178975,0.0043300412735849,0.000109059749162577,0,0,0,0,0,0,0,0,0,0,0,0,0,0.000130205579773909,0.00016903925332947,NA,NA,0.000203041104543609,0,0,0,0,0,0,0,0,0,0,0,0,0,0
"ASV_42",0,0.000247862188623125,0.000751863547507036,0.00178015131286159,0.00272764306842134,0.0031491132759986,0.00415277653257666,0.00147313372371377,0.00309206177004908,0.00462284790259679,0.00342942878576787,NA,NA,0.00306854227003172,NA,0.00106295876007297,NA,0.0028279915714761,NA,NA,0.00177010731275584,0.000128259940145361,0,0,0,0,0,0,0,0,0.000147405660377359,0.000296019319155566,0.000407981130872697,NA,2.53222253171609e-05,0,4.65968749029232e-05,1.65724797401435e-05,0,0,0,0,0,5.01341087408818e-05,0.0018758489833761,0.00278011660603365,0.00332041390468601,NA,NA,0.00234625276361503,0.00334893109459583,0.00468724074995852,0.00600725625162687,0,NA,NA,0,0,0,0,0,0,0,0
"ASV_43",0,0,0,0,0,0,0,0,0,0,0,0,0,0,0,0,0,0,0,0,0,0,0,0,0,0,0,0,0,0,0,0,0,0,0,0,0,0,0,0,0,0,0,0.000401072869927055,0,0,0,0,0,0,0,0,0,0,0,0,0,0,0,0,0,0,0,0
"ASV_44",0,0,0,0,0.000797038558954286,0.000534060146221985,0.00173656684772732,0.000957536920413952,0.00107934722109152,0.00176923808617902,0.000964526845997214,NA,NA,0.00185260211085103,NA,0.00287286151371073,NA,0.00593323721858712,NA,NA,0.00137675013214343,0.00036340316374519,0,0,0,0,0,0,0,0,0,0,0,0,0,0,0,0,0,0,0,0,0,0,0,0,0,0,0,0,0,0,0,0,0,0,0,0,0,0,0,0,0,0
"ASV_45",0,0,0,0,0,0,0,0,0,0,0,0,0,0,0,0,0,0,0,0,0,0,0,0,0,NA,NA,0.000821441534376373,0,0,0,0,0,0,0,0,0,0,0,NA,NA,0.000248121366794272,0,0,0,0,0,NA,NA,0.000168539257491412,0,0,0,0,0,0,0,0,0,0,0,0,0,0
"ASV_46",0,0,0,0,0,0.00178633910977698,0.00183753003654867,0.000994365263506795,0.000803434683270983,0.00093858813798239,0.00053584824777623,NA,NA,0.000402243368730749,NA,0.000750068727497625,NA,0.00128923145170234,NA,NA,0.000805993841996113,0.00632749038050448,0.00105430536831553,0.019185591229444,0.0302649638262731,NA,NA,0.00793482416052145,0.000248165349026837,4.25269514554849e-05,0.000128979952830189,0,0.000369979844722427,NA,0,0,0,0,0,0,0,0,0,0,0,0,0.00328419120754398,NA,NA,0.00270721472724812,0.0020114624201441,0.000705160112825618,0.000629581066857853,0.00067260803766605,NA,NA,0.000658405248430409,0.000865875833405489,0.000803369282079996,0.000327399222426847,0.000224538293134742,0.00023028209556707,0.000319253345672803,0.000219477017620869
"ASV_47",0,0.00249927706861652,0.00751863547507035,0.00307656585592384,0.00184269072935778,0.000681387083110809,0.00113078771479918,0.00217287224247781,0.000778327349418765,0.00279653762008941,0.00266090727325403,NA,NA,0.00439019905300418,NA,0.0045031951477165,NA,0.00494898525008318,NA,NA,0.00302393332595789,0.00200940572894399,0.000162339844117462,0,0,0,0,0,0,0,0,0,0,0,0,0,0,0,0,0,0,0,0,0,0,0,0,0,0,0,0,0,0,0,0,0,0,0,0,0,0,0,0,0
"ASV_48",0,0,0,0,0,0,0,0,0,0,5.48979921098236e-05,NA,NA,0,0,0,NA,7.23375807190439e-05,NA,NA,0.00122924118941377,0.0023086789226165,0.00483648986843218,0.00109369246586614,4.6525693814409e-05,NA,NA,9.55164574856248e-05,0,0.000777174598909328,0.00132665094339623,0.000654358494975462,0.000584544266453059,NA,0.00559414594792239,0,0,0,0,0,0,0,0,0,0,0,0,0,0,0,0,0,0,0,NA,NA,7.05434194746867e-05,0,0,0,0,0.00175590097869891,0.0020699237247285,0.00514512984408665
"ASV_49",0,0.00136324203742719,0.00174002706708771,0.00348290474255529,0.00488850316158629,0.00141503793036067,0.00175675948549159,0,0.000928971352532074,0.000494625701512414,0.00018754688672168,NA,NA,0.000356272698018664,NA,0,NA,0.000603430377082253,NA,NA,8.60468832589643e-05,0.000149636596836255,0.000103702167375298,0.00117606776988169,0.00147543573947411,NA,NA,0.000238871357771196,0,0,9.2128537735849e-05,0.000186959569992989,0.000203990565436349,NA,0.000253222253171609,0.000522922294686515,0.00152216458016216,0.00521204515575309,0.0044518478116662,NA,NA,0,0,0,0.000625282994458699,0.00125502406786662,0.00370678934086766,NA,NA,0.00476018589541127,0.00369299935773924,0.00145180023228804,0.00206999848217454,0.00177760695668885,NA,NA,0.00637242222588003,0.000173175166681098,0.000104441998056766,8.18498056067117e-05,0.000112269146567371,0.000172711571675302,0.000198485836617801,3.13538596601242e-05
"ASV_50",0,0.000123931094311563,0,0,0.000318815423581714,0.000552476013333088,0,0.000115305352397502,0,0,0,0,0,0,0,0,0,0,0,0,0,0,0,0,0,0,0,0,0,0.00922834846584024,0.00517434920288065,0.00140219677494742,0,0,0,0,0,0,0,0,0,0,0,0,0,0,0,0,0,0,0,0,0,0,0,0,0,0,0,0,0,0,0,0
"ASV_52",0,0,0,0,0,0,0,0,0,0,0,0,0,0,0,0,0,0,0,0,0,0,0.00107158906287808,0,0,0,0,0,0,0,0.000135263719626651,0.000140219677494742,7.64964620386307e-05,NA,0.000303866703805931,0,0,0,0,0,0,0,0,0,0,0,0,0,0,0,0,0,0,2.40217156309304e-05,NA,NA,2.35144731582289e-05,0,0.000365167855490908,0.00167711287702644,0.00183372939393372,0.00253310305123777,0.00328919386395213,0.00689784912522732
"ASV_53",0,0,0,0,0,0,0,0,0,0,0,0,0,0,0,0,0,0,0,0,0,0,0,0,0,0,0,0,0,0,0,0,0,0,0,0,0,0,0,0,0,0,0,0,0,0,0,0,0,0,0,0,0,0,0,0,0,0,0,0,0,0,0,0
"ASV_54",0,0,0,0,0.00500758110142607,0,0,0.00809728201201678,0.00697983881091667,0.0029845732650785,0.000884149608830779,NA,NA,0.000712545396037329,NA,0.00062981538753898,NA,0.00156614913732287,NA,NA,0.00168875836015128,0.00119709277469004,0.000518510836876491,0.000234925606891151,0,0,0,0,0,0.000489059941738076,0.000313237028301887,3.11599283321648e-05,0,0,0,0,0,0,0,0,0,0,0,0,0,0,0,0,0,0,0,0,0,0,0,0,0,0,0,0,0,0,0,0
"ASV_57",0,0,0.00608855899720679,0,0.00933803173735882,0.0075873372497744,0.00494719625224643,0.000626081832578352,0.00145622536342866,0.00131266051555217,0.000950977008516313,NA,NA,0.000425228704086793,NA,0,NA,0.000790174115559498,NA,NA,0.000663790242283439,0.000769559640872168,8.84540814803857e-05,0.000261028452101279,0.000581571172680112,NA,NA,0.000666881658462421,0.000602687276208033,0.00087180250483744,0.000608048349056603,0.000373919139985978,0.000764964620386306,NA,0.00086095566078347,0.000166969298520235,0,0,0,0,0,0,0,0,0,0,0,NA,NA,6.76803681812029e-05,0,0,0,0,0,0,0,0,0.00133894880346666,0.000859422958870472,0.000205826768706847,0.00046056419113414,0.000534786003092036,0.000943744571115156
"ASV_58",0,0,0,0,0,0,0,0,0,0,0,0,0,0,0,0,0,0,NA,NA,0.000528573711447924,0.000790936297563061,0.00461393619146593,0.000965805272774733,0.00160513643659711,NA,NA,0.00361052209295662,0.00574161340341797,0.00782495906780923,0.00486438679245283,0.00163589623743865,6.37470516988589e-05,NA,0,0,0,0,0,0,0,0,0,0,0,0,0,0,0,0,0,0,0,0,0,0,0,0,0,0,0,0,0,0
"ASV_59",0,0.000351138100549428,0.000306098509099855,0.000464387299007372,0.000708478719070476,0.00110084491398454,0.00135290673020617,0.000847051891135417,0.00160686936654197,0.0012746123846666,0.00120565855749652,NA,NA,0.000459706707120857,NA,0.000804401223839006,NA,0.00160837768929732,NA,NA,0.000319602709247581,0.000534416417272339,0,0.000559927428109862,0.000279154162886454,NA,NA,0.000191032914971249,0.00109901797426171,0.000195939931689967,0.000571196933962264,0,0.00100720341684197,NA,0.00088205452324884,0.000438294408615616,0.000310645832686155,0.000348022074543014,0.000250600704630217,NA,NA,0,0,0,0.00032342223851312,0.00127091044847252,0.00203975060099103,NA,NA,0.00288769570906466,0.00217909899990825,0.000850340136054422,0.000384080031789896,0.000206585308669758,NA,NA,0.000686069185511492,0.00193378936127226,0.00350749151322495,0.00163699611213423,0.00351776659244429,0.00238917674150835,0.00130433549777412,0.00188123157960745
"ASV_60",0,0,0,0,0,0,0,0,0,0,0,0,0,0,0,0,NA,0.00047133192857935,NA,NA,0.00136445772024929,0.0016460025651988,0.00568633551107884,0.00362829548420778,0.00259618446965044,NA,NA,0.00189122585821537,0.00358067146453008,0.000152491958180584,0.000405365566037736,0.00182285580743164,0.000994454006502199,NA,0.000734344534197666,0.000375680921670528,0,0,0,0,0,0,0,0,0,0,0.000422598133323674,NA,NA,0.00085728466362857,0.00695017891549683,0.00624570250013292,0.00577332814039268,0.0146130360453107,NA,NA,0.00606673407482306,0.000923600888965856,0.00248314141733817,0.00234979311573618,0.00174017177179425,0.00111330965640694,0.00119091501970681,0.00244560105348968
"ASV_61",0,0,0,0,0,0,0,0,0,7.60962617711405e-05,8.03772371664344e-05,NA,NA,0,0,0,0,0,0,0,0,0,0,0,0,0,0,0,0,0,0,0,0,0,0,2.08711623150293e-05,0,0,0,0,0,0,0,0,0,0,0,0,0,0,0,0,0,0,0,0,0,0,0,0,0,0,0,0
"ASV_62",0,0.000185896641467344,0,0,0,0,0,0,0,0.00116046799200989,0,NA,NA,0.000896428078885671,NA,0.000689486763290576,NA,0,0,0,0,0.000748182984181274,0.0948529157592727,0.00122683372487601,0.00113987949845302,NA,NA,0.00276997726708312,0,0,0,0,0,0,0,0,0,0,0,NA,NA,0.000812574959932753,0,0,0,0,3.62226971420292e-05,NA,NA,0.000117758087358976,0,0,0.000114550161515728,0,0,0,0,0,0,0,0,0,0,0
"ASV_63",0,0,0,0.00213756935469665,0.00207230025328114,0.000368317342222058,0.000424045393049694,0.000184141715464221,0.00042682467548771,0.00038956462569929,0.000160754474332869,NA,NA,0.00024134602123845,NA,0,NA,0.000679272485305534,NA,NA,0.000184386178412066,0.00127162972294438,0,0.00300182719916471,0,NA,NA,0.00102052996195289,0.000389974119899316,0,0.00110554245283019,0.00174495598660123,0.000427480316379095,NA,0.002203033602593,0.0137123536409743,0.00250866033934636,0.00124293598051076,0.000188788784735621,NA,NA,0,0,0,0.000877854435113668,0,0,NA,NA,0,0,0,0,0.000528477743880468,NA,NA,0.00125155484660189,0.000115450111120732,0.000170411665895757,0,0.000449076586269484,0.000295550595817098,0.000170130717100973,0.000250830877280993
"ASV_64",0,0,0,0,0,0,0,0,0,0,0,0,0,0,0,0,0,0,0,0,0,0.00529502017030482,0,0,0.00997976132319073,NA,NA,0,0.00144821193744154,0,0,0,0,0,0,0,0,0,0,0,0,0,0,0,0,0,0,0,0,0,0,0,0,0,0,0,0,0,0,0,0,0,0,0
"ASV_65",0,0,0,0,0,0,0,0,0,0,0,0,0,0,0,0,0,0,0,0,0,0,0.000561402473010984,0,0,0,0,0,0,0,0,0,0,0,0,0,0.000584924016909086,0.0010274937438889,0.000574907498857556,NA,NA,0.000425350914504466,0.000215800521844898,0.000100268217481764,0.000301860755945579,0.000270068470300412,0.000173021015076104,NA,NA,0.000338401840906015,0,0.000106473242271092,9.16401292125822e-05,0.000240217156309304,NA,NA,0.000446774990006349,0.00027860619669524,0.000146067142196363,0,0,0,0,9.63071324538308e-05
"ASV_66",0,0,0,0,0,0,0,0,0.000125536669261091,9.51203272139256e-05,8.03772371664344e-05,NA,NA,0,0,0,0,0,0,0,0,0,0,0,0,0,0,0,0,0,0,0,0,0,0,0,0,0,0,0,0,0,0,0,0,0,0,0,0,0,0,0,0,0,0,0,0,0,0,0,0,0,0,0
"ASV_67",0,0.000495795867407055,0.000494081759790337,0.000541785182175268,0.00056678297525638,0.00044198081066647,0.000962677500178103,0.000308616789064426,0.000878756684827638,0.000760962617711405,0.00072339513449791,NA,NA,0.000691853752382356,NA,0.000818765531407558,NA,0.00162193634246424,NA,NA,0.000393357180612408,0.00121846943138093,0,0.00430696945967111,0.00143282831477499,NA,NA,0.000821441534376373,0.00464423724607367,0.00046828760498273,0.0011608195754717,0.00113733738412402,0.000981704596162427,NA,0.000379833379757413,4.17423246300587e-05,0,0,0,0,0,0,0,0,0,0,3.62226971420292e-05,NA,NA,0.000270721472724812,0.000137627305257363,2.07400033184005e-05,0,0,0,0,0,0,9.97644744020769e-05,0,0,0.000460564191134139,0.000907363824538521,0.00156769298300621
"ASV_69",0,0,0,0,0,0,0.000545201219635321,0.00204519204439346,0.0013225195552112,0.00176923808617901,0.00179509163005037,NA,NA,0.00264933073854164,NA,0.00170935260065789,NA,0.00108129089497616,NA,NA,8.60468832589642e-05,0.000456900118547691,0.000449376058626292,0.00918820151396502,0.0118077550831765,NA,NA,0.00380155500792787,0,0,0,0,0.000828711672085166,NA,7.59666759514827e-05,0,0,0,0,0,0,0,0,0,0,0,0,0,0,0,0,0,0,0,0,0,0,0,0,0.00098219766728054,0,0,0,0
"ASV_70",0,0,0,0,0,0,0,0,0,0,0,NA,NA,0.00205718751436584,NA,0,0,0,0,0,0,0.0042967079948696,0,0.00589924301748891,0,0,0,0,0,0,0,0,0,0,0,0,0,0,0,0,0,0,0,0,0,0,0,0,0,0,0,0,0,0,0,0,0,0,0,0,0,0,0,0
"ASV_74",0,0,0,0,0,0,0,0,0,0,0,0,0,0,0,0,NA,0,0,0,0,0.000109400945837797,0,0.00574262594622814,0.0200758368809175,NA,NA,0.011767627562229,0.000319069734463076,0,5.52771226415094e-05,6.23198566643296e-05,0,0,0,0,0,0,0,0,0,0,0,0,0,0,0,0,0,0,0,0,0,0,0,0,0,0,0,0,0,0,0,0
"ASV_75",0,0.0010947246664188,0.00107409078215291,0.000967473539598693,0.000758106038687303,0.000515644279110882,0.00104815479178863,0.00121533532206386,0.000954078686384293,0.000698281422198953,0.000482263422998607,NA,NA,0.00040224336873075,NA,0.000603300917879254,NA,0.000485194632361096,NA,NA,0.000245848237882755,0.00024143160471472,0.000103702167375298,0,0.000232628469072045,NA,NA,0.000143423442027453,0.000248165349026838,0.000297688660188394,0.000313237028301887,0,0.000267737617135207,NA,7.59666759514826e-05,2.08711623150293e-05,0,0,0,0,0,0,0,0,0,4.97384503415472e-05,0.00115912630854493,NA,NA,0.00297793619997293,0,0.00553982930130538,0.000870581227519531,0.000192173725047443,NA,NA,0.00076378828234932,0.000465405003388463,0.000243445236993938,0.000572948639246982,0.000838401904062426,0.000287852619458837,0,0
"ASV_76",0,0,2.14818156430582e-05,0.000116096824751843,0.000687270423514336,0.000920793355555147,0.00070674232174949,0,0,0,5.3584824777623e-05,NA,NA,0,NA,0.000316014766508181,NA,0.00047133192857935,NA,NA,0.000319602709247581,0.00138948268490808,0.00524610425106428,0.00263638736622292,0.00253565031288529,NA,NA,0.00108888761533612,0.000254089856860323,0.000127580854366455,0.000128979952830189,7.7899820830412e-05,0.000101995282718174,NA,0,0,0,0,0,0,0,0,0,0,0,1.64647408141563e-05,0.00230185678235423,NA,NA,0.000947525154536841,0,0,0.000541818472134224,2.40217156309304e-05,NA,NA,0.00159898417475957,3.08032075651339e-05,0.000779024758380602,0.000286474319623491,0.00102913384353423,0.000115141047783535,0.000113420478067315,0
"ASV_77",0,0,0,0,0,3.68317342222059e-05,0,0,2.51073338522182e-05,0,0,0,0,0,0,0,NA,0.000386576268467277,NA,NA,0.000122924118941377,0.000128259940145361,1.72836945625497e-05,0,0,0,0,0,0,0,0,0,0,0,0,0,0,0,0,0,0,0,0,0,0,0,0,0,0,0,0,0,0,0,0,0,0,0,0,0,0,0,0,0
"ASV_78",0,0,0,0,0,9.20793355555146e-05,0,0,0.000150644003113309,0,0.000160754474332869,NA,NA,0,NA,0,NA,0.000304979483198403,NA,NA,0.000233555825988617,0.00226592560923471,0.0134467143696637,0.00467994277034371,0.00816525926442877,NA,NA,0.00234970485414637,0.000319069734463076,0,0,0.00038949910415206,2.54988206795436e-05,NA,0.000227900027854448,0.000129785992114295,0,0,0,0,0,0,0,0,0,0.00034763131188437,0.00013281655618744,NA,NA,0.000157920859089473,0,8.29600132736022e-05,9.16401292125822e-05,0.000551703810161315,NA,NA,0.000517318409481036,0,0.000127652815645488,0.000163699611213423,0.000149692195423161,5.75705238917674e-05,0.000170130717100973,0.000125415438640497
"ASV_79",0,0,0.000365190865931989,0.000561134652967241,0.00131068563028038,0.000607723614666397,0.000403852755285423,0,0,0.000152192523542281,2.67924123888115e-05,NA,NA,0,NA,0.000201100305959751,NA,0.000249528668071421,NA,NA,7.37544713648265e-05,0.0019666524155622,0.00152096512150437,0.00407204385277995,0.00469909507525531,NA,NA,0.00149005673677575,0,0,5.72895437810676e-05,0,0,0,0,0.000125226973890176,0,0,0,0,0,0,0,0,0,0.000142977425453159,0.00016903925332947,NA,NA,0.000315841718178947,0.000256807814393491,0,0,0.00206574631184086,NA,NA,0.000117572365791144,0,0,0.000368324125230203,0,0.000287852619458837,0.000340261434201945,0.000313538596601242
"ASV_80",0,0,0.00239617328969565,0.00743019678411796,0.00173577286172267,0.00044198081066647,0.000161541102114169,0,0,0.000171216588985066,8.03772371664344e-05,NA,NA,0.000918396240090737,NA,0.00119223752818995,NA,0.00227348342020628,NA,NA,0.000320717859814197,0.000192389910218042,0,0,0,0,0,0,0,0,0,0,6.85276009961542e-05,NA,0,0,0,0,0,0,0,0,0,0,0,0,0,0,0,0,0,0,0,0,0,0,0,0,0,0,0,0,0,0
"ASV_81",0,0.000309827735778907,0.000429636312861163,0.00097075885039403,0.00139924547016419,0.00044198081066647,0.000484623306342507,0.000478768460206976,0.000411561958875605,0.000342433177970132,0.000241131711499303,NA,NA,0.000172390015170321,NA,0.00118428933765364,NA,0.00106742819119441,NA,NA,0.00094275481508677,0.000425442394708905,0,0,0,0,0,0,0.000354521927181196,0.000680431223287759,0.00051839710480192,0.000467398924982473,0.000380986606875214,NA,0.00027854447848877,0.000459165570930645,0,0,0,0,0,0,0,0,0,0.000222409328482692,0.000446746598085027,NA,NA,0.00128592699544286,0.000563476602949866,0.000808860129417621,0.000366560516850329,0.000816738331451633,NA,NA,0.00192818679897477,0.000404075388922562,0.0011685371375709,0.000818498056067117,0.00138465280766424,0.00179065565157103,0.000623812629370233,0.00163040070232646
"ASV_83",0,0,0,0.00263654615282636,0.00262137126056076,0.00184158671111029,0.00153464047008461,0.000220970058557066,0.000502146677044365,0.000532673832397984,0.000531265302391116,NA,NA,0.000390750701052728,NA,0.0011314313894908,NA,0.000790174115559498,NA,NA,0.000503988887659648,0.000380771775103079,0,0,0.000302417009793658,NA,NA,0.00038736767947876,0.000177260963590598,0.00025516170873291,0.000386939858490566,0.000109059749162577,0.000191241155096577,NA,0,0,0,0,0,0,0,0,0,0,0,0,0,0,0,0,0,0,0,0,0,0,0,0,0.00223969618034423,0,0.000205826768706846,0.000402993667242372,0.000406448668299494,0.000971969649463849
"ASV_84",0,0,0,0,0,0,0,0,0,0,0,0,0,0,0,0,NA,0.000312948347750916,NA,NA,0,0,0,0,0.0190755344639077,NA,NA,0.00886392725466598,0.000888246743904526,0,0.00065637859748615,0.00104385759912752,0.000242238796455664,NA,0.000227900027854448,0,0,0,0,0,0,0,0,0,0,0,0,0,0,0,0,0,0,0,0,0,0,0,0,0,5.61345732836854e-05,0,0,0
"ASV_85",0,0,0,0,0,0,0,0,0,0,0,0,0,0,0,0,0,0,0,0,0,0,0,0,0,0,0,0,0,0,0,0,0,0,0,0,0,0,0,0,0,0,0,0,0,0,0,0,0,0,0,0.000165920026547204,0.00105556359222977,0.0196978068173629,NA,NA,0.00728948667905096,0.00502687320368574,0,0,0,0,0,0
"ASV_86",0,0,0,0.000425688357423425,0.000513647071326095,0.000847129887110735,0.000803993792895085,0.00043549210934679,0.000928971352532074,0.00100827546846761,0.00120047993137949,NA,NA,0.000632096722291178,NA,0.000416564919488056,NA,0.000526782743706333,NA,NA,0.000550493219569451,8.55066267635742e-05,0,0,0,0,0,0,0,0,0,0,0,0,0,0,0,0,0,0,0,0,0,0,0.000409668168783286,0.000778432649689421,0.000833122034266672,NA,NA,0.000609123313630826,0.000779888063125057,0.00124440019910403,0.00145523133136426,0,NA,NA,0,0,0,0,0,0,0,0
"ASV_88",0,0.00025970859628822,0.00013855674122919,0.000193494707919738,0.000389663295488762,0.000441361694076725,0.00068654968398522,0.000432350976231029,0.000627683346305455,0.000437553505184058,0.000643017897331476,NA,NA,0.000287946213227083,NA,0.000511699430351327,NA,0.000734723300432516,NA,NA,0.000159801354623791,0,0,0,0.000162839928350432,NA,NA,0,0.000638139468926153,0,0.000321613854064088,0.000202539534159071,0.000509976413590871,NA,0.000430477830391735,0.000354809759355498,0.000133272155390568,0.000116007358181005,0.00016215339711367,NA,NA,0,0,0,8.62459302701654e-05,0.000762546269083514,0.00090556742855073,NA,NA,0.00162432883634887,0.00135333516836407,0.000331840053094409,0,0,0,0,0,0.000894738361185672,0.00211797356184726,0.000890711145512695,0.00178360197379787,0.00103626943005181,0.000737233107437548,0.000940615789803726
"ASV_89",0,0,0,0,0,0,0,0,0,0,0,NA,NA,0.000204893830829277,NA,0.000272921843802519,NA,0,NA,NA,0,0.000235143223599829,0,0,0,NA,NA,0.000324755955451124,0,0,0.000737028301886792,0,0,NA,0.000101288901268643,0,0.000248516666148924,0.000390266721339814,0,NA,NA,0.00159506592939175,0,0.000150402326222645,0,9.53182836354393e-05,6.0371161903382e-05,NA,NA,0,0.000298192494724286,0.000248880039820806,0.000137460193818873,0,0,0,0,0,0,0.000409249028033559,0,0,0,0
"ASV_94",0,0,0,0,0,0,0,0,0,0,0,0,0,0,0,0,0,0,0,0,0,0,0.000345673891250994,0,0,0,0,0,0,0,0,0,0,NA,7.59666759514826e-05,0,0,0,0,0,0,0,0,0,0,0,0,0,0,0,0,0,0,0,NA,NA,5.05557634832775e-05,0,0.000146067142196363,0,0,0.00101378463364431,0.00119091501970681,0.00250830877280993
"ASV_95",0,0,0,0.00361200386243304,0.00770470606989143,0.00112336789377728,0.000161541102114169,3.68283430928443e-05,0,0,0,NA,NA,0.000448214039442836,NA,0.0016518262813003,NA,0.00153876011977376,NA,NA,0.000454819240083096,6.87820214970783e-05,0,0,0,0,0,0,0,0,0,0,0,0,0,0,0,0,0,0,0,0,0,0,0,0,0,0,0,0,0,0,0,0,0,0,0,0,0,0,0,0,0,0
"ASV_96",0,0,0,0,0,0,0,0,0,0,0,NA,NA,8.04486737461499e-05,NA,0.00015800738325409,NA,0.000499057336142841,NA,NA,0.000208971002200342,0.00215904232578025,0,0.00117462803445576,0.00193081629329797,NA,NA,0.000508857519009527,3.54521927181196e-05,0,0,3.11599283321649e-05,6.37470516988589e-05,NA,0,0,0,0,0,0,0,0,0,0,0,0,0,0,0,0,0,0,0,0,0,0,0,0,0,0,0,0,0,0
"ASV_101",0,0,0.00522008120126313,0.00884270815193205,0.00696080341486743,0.00223118629204793,0.000383660117521152,0.000478768460206975,0.000150644003113309,0.000152192523542281,5.3584824777623e-05,NA,NA,0.000103434009102193,NA,8.61858454113219e-05,NA,0.000113549210102491,NA,NA,0,0,1.77072544635751e-05,0.000156617071260767,0,NA,NA,1.9103291497125e-05,0.000141808770872478,0,0,0,0,0,0,0,0,0,0,0,0,0,0,0,0,0,0,0,0,0,0,0,0,0,0,0,0,0,0,0,0,0,0,0
"ASV_102",0,0,0,0,0,0,0,0,0,0,0,0,0,0,0,0,0,0,0,0,0,0,0,0,0,0,0,0,0,0,0,0,0,0,0,0,0,0,0,0,0,0,0,0,0,0,0,0,0,0,0,0,0,0,0,0,0,0,0,0,0,0,0,0
"ASV_103",0,0,0,0,0,0.000349901475110955,0.000363467479756881,0.000226245327034396,0.000401717341635492,0.000380481308855702,0.000267924123888115,NA,NA,0.000287316691950535,NA,0.00043092922705661,NA,0.000512920039924587,NA,NA,0.000430234416294821,0.00147498931167166,0,0.0015922735578178,0.00241097550428897,NA,NA,0.000764131659884998,0.000141808770872479,6.37904271832274e-05,0.000115838111555663,0.000318218541087586,0,NA,0.000131930893170267,0,0,0,0,0,0,0,0,0,0,0,0,0,0,0,0,0,0,0,0,0,0,0,0,0,0,0,0,0
"ASV_105",0,0,0,0,0,0,0,0,0,0,0,0,0,0,0,0,NA,6.93135189087279e-05,NA,NA,0.000824070673842127,0.000684053014108593,0.0030246465484462,0.000469851213782303,0.000883988182473772,NA,NA,0.000936061283359122,0.000673591661644273,0.000797648193577291,0.000515919811320755,3.32550824182969e-05,0,0,0,0,0,0,0,0,0,0,0,0,0,0,0,0,0,0,0,0,0,0,0,0,0,0,0,0,0,0,0,0
"ASV_107",0,0,0,0,1.77119679767619e-05,0.000184158671111029,0.000424045393049695,0.000405111774021287,0.00115493735720204,0.000774308399837189,0.000375093773443361,NA,NA,0.000356272698018664,NA,0.00046643783464789,NA,0.000235665964289675,NA,NA,0.000373517665671226,0.000413635412203507,0.000397524974938643,0.000104411380840512,7.2720816556452e-05,NA,NA,0.000191032914971249,0.000212713156308718,0.000318952135916137,0.000147405660377359,6.23198566643297e-05,0,0,0,0,0,0,0,0,0,0,0,0,0,0,0,0,0,0,0,0,0,0,0,0,0,0,0,0,0,0,0,0.000783846491503104
"ASV_108",0,0,0,0,0,0.000607723614666397,0.000767320235042304,0,0.000351502673931055,0.000335183157623664,0.000140323111025519,NA,NA,0,0,0,NA,0.00112287900632139,NA,NA,0.000700667477965852,0,0,0,0,NA,NA,0.000418800101575078,0,0,0,0,0,NA,0.000177255577220126,0,0,0,0,0,0,0,0,0,0,0,0,0,0,0,0,0,0,0,0,0,0,0,0,0,0,0,0,0.000438954035241738
"ASV_109",0,0,0,0,0,0,6.05779132928134e-05,0,0,0,0.000196510564839614,NA,NA,0.000252838688916471,NA,0,NA,0.00012476433403571,NA,NA,0,0.000705429670799488,0,0.00378491255546854,0.00293593706143935,NA,NA,0.00118200503481733,0.000354521927181196,0.000404006038827107,0,0,0,0,0,0,0,0,0,0,0,0,0,0,0,0,0,0,0,0,0,0,0,0,0,0,0,0,0,0,0,0,0,0
"ASV_111",0,0,0,0,0,0,0,0,0,0,0,0,0,0,0,0,NA,8.68317341733495e-05,NA,NA,0.0015611363105555,0.000470286447199658,0.000797532466258313,0.000156617071260768,0,NA,NA,9.55164574856248e-05,0.000141808770872479,0.000544108554965251,0.000202682783018868,9.34797849964945e-05,5.09976413590872e-05,NA,0.000207995294091028,0.000166969298520235,0,0,0,0,0,0,0,0,0,0,0,0,0,0,0,0,0,0,NA,NA,0.00526724198744327,0.00591681819493751,0.00785065321386384,0.00290566809903826,0,0.00115141047783535,0.000198485836617801,0.000617411261069333
"ASV_113",0,0,0,0,0,0,0,0,0,0,0,NA,NA,0.000137912012136257,NA,0.000258557536233966,NA,0.00116304640307635,NA,NA,0,4.27533133817871e-05,0,0.000287131297311407,0.00192867553422972,NA,NA,0.000649511910902249,0,0,5.52771226415094e-05,0,0,0,0,0.00519336107825247,0,0,0,0,0,0,0,0,0,0,0,0,0,0,0,0,0,0,0,0,0,0,0,0,0,0,0,0
"ASV_114",0,0,0,0,0,0,0,0,0,0,0,0,0,0,0,0,0,0,0,0,0,0,0,0,0,0,0,0,0,0,0,0,0,0,0,0,0,0,0,0,0,0,0,0,0,0,0,0,0,0,0,0,0,0,0,0,0,0,0.00194756189595151,0.000986260267226149,0,0.00126655152561888,0,0.000914794765543589
"ASV_115",0,0,0,0,0,0,0,0,0,0,0,0,0,0,0,0,0,0,0,0,0,0,0,0,0,0,0,0,0,0,0,0,0,0,0,0,0,0,0,0,0,0,0,0,0,0,0,0,0,0,0,0,0,0,0,0,0,0,0,0,0,0,0,0
"ASV_117",0,0,0,0,0,0,0,0,0,0,0,0,0,0,0,0,0,0,NA,NA,0.00013184115604534,0.000213766566908936,0.000293822807563345,0,0.000139577081443227,NA,NA,0,0.00134718332328855,0.00314699440770588,0.00326135023584906,0.00333601032499007,0.0122011856951616,NA,0.000430477830391735,0,0,0,0,0,0,0,0,0,0,0,0,0,0,0,0,0,0,0,NA,NA,0.000470289463164577,0,0,0,0,0.000300503453095795,0.000510392151302917,0
"ASV_118",0,0,0,0,0,0,0,0,0,0,0,0,0,0,0,0,0,0,0,0,0,0,0,0,0,0,0,0,0,0,0,0,0,0,0,0,0,0,0,0,0,0,0,0,0,0,0,0,0,0,0,0,0,0,NA,NA,0.00351035122241952,0.00265535255577683,0,0.00266011868221813,0.00072974945268791,0.00114713067883851,0.00110584966115632,0.00159904684266633
"ASV_120",0,0,0,0,0,0,0,0,0,0,0,0,0,0,0,0,0,0,0,0,0,0,0,0,0,0,0,0,0,0,0,0,0,0,0,0,0.000155322916343077,0.00033144959480287,0.000191635832952519,NA,NA,0,3.92364585172542e-05,2.61202862767253e-05,6.46844477026241e-05,0.000118681924914044,3.62226971420292e-05,NA,NA,0,0,0,0,0,NA,NA,0,0,0,0,0,0,0,0
"ASV_121",0,0,0.000558527206719512,0.00104487142276659,0,3.95035446324908e-05,0.00034327484199261,0,0.000326395340078837,0,0.00018754688672168,NA,NA,0,NA,0,NA,0,0,0,0,0,0.000328390196688444,0.00024517511618241,0.000186102775257636,NA,NA,0,0,0,0,0,0.000191241155096577,NA,0,0,0,0,0,0,0,0,0,0,0,0,0,0,0,0,0,0,0,0,NA,NA,0.000564347355797493,0.00086587583340549,0.00119606232111412,0.00114589727849396,0.000954287745822653,0.000719631548647093,0.000482037031786089,0
"ASV_122",0,0.000227207006237865,0.000902236257008442,0.000561134652967241,0.000389663295488762,9.20793355555146e-05,0,0,0,0.000247312850756206,0.000294716536276927,NA,NA,0.000724038063715349,NA,0.000517115072467932,NA,0.000651547077742043,NA,NA,0.00060232818281275,4.27533133817871e-05,0,0,0,0,0,0,0,0.000423315237465641,0.000237689963920991,0.000109059749162577,5.09976413590871e-05,NA,0.000126611126585804,0,0,0,0,0,0,0,0,0,0,0,0,0,0,0,0,0,0,0,0,0,0,0,0,0,0,0,0,0
"ASV_123",0,0,0.000128890893858349,0.000328941003463555,0.000531359039302856,0.000386733209333162,0.000393062218490742,3.68283430928442e-05,5.02146677044365e-05,9.51203272139256e-05,0.000321508948665738,NA,NA,0.00016791709676478,NA,0,NA,0.000318842186980148,NA,NA,0.000208971002200342,8.55066267635742e-05,0,0.000522056904202558,0.000268121470420663,NA,NA,0.000439375704433874,0.00258592408375999,0.000191371281549682,0.000530944976742117,0,1.27494103397718e-05,NA,0,0,0,0,0,0,0,0,0,0,0,0,0,0,0,0,0,0,0,0,0,0,0,0,0,0,0,0,0,0
"ASV_124",0,0,0,0,0,0,0,0,0,0,0,0,0,0,0,0,0,0,0,0,0,0,0,0,0,0,0,0,0,0,0,0,0,0,0,0,0,0,0,0,0,0,0,0,0,0,0,0,0,0,0,0,0,0,0,0,0,0,0,0,0,0,0,0
"ASV_127",0,0,0,0,0,0,0,0,0,0,0,0,0,0,0,0,0,0,0,0,0,0,0,0,0,0,0,0,0,0,0,0,0,0,0,0,0,0,0,0,0,0,0,0,0,0,0,0,0,0,0,0,0,0,NA,NA,0.00348014202741787,0,0,0.00180069572334766,0.000613442406304154,0.00135290731145653,0.00150282133439192,0.00175581614096695
"ASV_128",0,2.06551823852605e-05,8.59272625722325e-05,0.000160431267201285,0.000222636028094715,0.000220990405333235,0.00034327484199261,0.000110485029278533,0.000276180672374401,0.000259133003185061,0.00025921477578609,NA,NA,0.00017963325410933,NA,0,NA,0.000235665964289675,NA,NA,7.37544713648266e-05,4.46322785829325e-05,0,0,0,NA,NA,0,0.000177260963590598,0,0,3.11599283321648e-05,0.000191241155096577,NA,0.000126611126585804,0.000125226973890176,0.00013979062470877,8.28623987007176e-05,4.54063167534796e-05,NA,NA,0,0,0,6.93767214824236e-05,0.000365386753935851,0.00043467236570435,NA,NA,0.000609123313630826,0.000375767768600481,0.000290360046457607,4.58200646062911e-05,7.2065146892791e-05,NA,NA,0.000188115785265831,0.000663838138944208,0.000657302139883633,0,0.000430365061841588,0.00077720207253886,0.000414291048960702,0.00037624631592149
"ASV_129",0,0.000309827735778907,0.000408154497218105,0.00108357036435054,0,0,0,0,0,0,0,0,0,0,0,0,0,0,0,0,0,0,0,0,0,0,0,0,0,0,0,0,0,0,0,0,0,0,0,0,0,0,0,0,0,0,0,0,0,0,0,0,0,0,0,0,0,0,0,0,0,0,0,0
"ASV_130",0,0,0,0,0,0,0,0,0,0.000342433177970132,0,NA,NA,0.000467889213872219,NA,0.000818765531407558,NA,0.00164966175002773,NA,NA,0.000946515715848607,0.0006626763574177,0.000345673891250994,0.000908401944003828,0.000581571172680112,NA,NA,0.000133723040479875,0.000546004238239763,0.000404006038827107,0.000608048349056603,6.23198566643296e-05,0,0,0,0,0,0,0,0,0,0,0,0,0,0,0,NA,NA,2.25601227270677e-05,0,0,0,0,0,0,0,0,0,0,0,0,0,0
"ASV_132",0,0,0,0.000270892591087634,0.000354239359535238,0.000220990405333235,0,0.000110485029278533,0.000178879606531765,0.000171216588985066,0.000107169649555246,NA,NA,0.000172390015170321,NA,0,NA,0.000360430298325386,NA,NA,0.000331895121141719,0,0,0,0,0,0,0,0,0.000319283289876931,0.000257959905660377,0.000280439354989483,0.000152992924077261,NA,0,0.000341910789136697,0,0,0,0,0,0,0,0,0,0.000142977425453159,0.000193187718090822,NA,NA,0.000541442945449623,0,0.000311100049776008,0,0.000327110703341008,NA,NA,0.000846521033696241,0.000317487805582013,0.00051016107881531,0.000263963775770822,0.000636191830548434,0.000633275762809441,0.000295465046768197,0.000658431052862607
"ASV_133",0,0,0,0,0,7.36634684444117e-05,0,0,0,0,0,0,0,0,0,0,NA,0.00012476433403571,NA,NA,0,0.000855066267635742,0,0.00214043330723049,0.00384235495000451,NA,NA,0.00112709419833037,0,0,0,0,0,0,0,8.55305515207587e-05,0,0,0,0,0,0,0,0,0,0,0,NA,NA,4.51202454541353e-05,0,0,0,0,NA,NA,0,0,0,0,0,0,0,0
"ASV_134",0,0,0,0,0,0,0,0,0,0,0,0,0,0,0,0,NA,6.9313518908728e-05,NA,NA,0.000368772356824133,0,0.00122714231394103,0.000678673975463325,0,0,0,0,0,8.50539029109699e-05,0,0,0.000254988206795436,NA,0,0,0,0,0,0,0,0,0,0,0,0,8.45196266647348e-05,NA,NA,0.000145511773247305,0.00133039728415451,0.00124440019910403,0.00136074011053934,0.0030027144538663,NA,NA,0.0010581512921203,0,0.000462545950288483,0.000409249028033559,0.00023440652569387,0.000489349453080023,0.000288598238278345,0.000470307894901863
"ASV_136",0,0,0,0,0,0.000368317342222058,0.000928861337156473,0,0.000360902829048191,0,0,NA,NA,0.000126419344458236,NA,0,NA,0.000152489741599201,NA,NA,8.8101100078169e-05,0.00029927319367251,0.00406166822219918,0.00182719916470895,0.00218670760927722,NA,NA,0.000382065829942499,0.000212713156308718,0,0.000313237028301887,0.000109059749162577,0,0,0,0,0,0,0,0,0,0,0,0,0,0,0,NA,NA,0,0,0,0,0,0,0,0,0,0,0,0,0,0,0
"ASV_137",0,0.000165241459082084,0,0.000814544098694154,0.000230255583697905,0.000165742803999926,0.000222119015406983,0,0,0,0.000321508948665738,NA,NA,0.000137912012136257,NA,0.000176486759411206,NA,0.000235665964289675,NA,NA,0.000188904806717839,0.000149636596836255,0,0,0,0,0,0,0,0,0,0,5.28542635317753e-05,NA,0,0.000146098136205205,9.31937498058464e-05,0,0,0,0,0,0,0,0,0,0,0,0,0,0,0,0,0,0,0,0,0,0,0,0,0,0,0
"ASV_140",0,0,0,0,0,0,0,0,0,0,0,0,0,0,0,0,0,0,0,0,0,0,0,0,0,0,0,0,0,0,0,0,0,0,0,0,0,0,0,0,0,0,0,0,0,0,0,0,0,0,0,0,0,0,0,0,0,0,0,0,0,0,0,0
"ASV_141",0,0,0,0,0,0,0,0,0,0,0.000164693976329471,NA,NA,6.89560060681285e-05,NA,0.000229828921096858,NA,0,NA,NA,0,4.2753313381787e-05,0,0,0,0,0,0,0,0,0,0,0,0,0,0,0,0,0,0,0,0,0,0,0,0,0,0,0,0,0,0,0,0,0,0,0,0,0,0,0,0,0,0
"ASV_144",0,0,0,0,0,0,0,0,0,0,0,0,0,0,0,0,0,0,0,0,0,0,0,0,0,0,0,0,0,0,0,0,0,0,0,0,0,0,0,0,0,0,0,0,0,0,0,0,0,0,0,0,0,0,0,0,0,0,0,0,0,0,0,0
"ASV_145",0,0,0,0.000212844178711712,0.000159407711790857,0.00012891106977772,0.000121155826585627,0.000230610704795004,0.00042682467548771,0.000494625701512413,0.000401886185832172,NA,NA,0.000168537390573325,NA,0,NA,0.000263391371853166,NA,NA,0.000172093766517928,0,0,0,0,0,0,0,0,0,0,0,0,0,0,0,0,0,0,0,0,0,0,0,0,0,0,0,0,0,6.88136526286815e-05,0.00039406006304961,0.000595660839881784,0.00123668518220791,NA,NA,0.000940578926329156,0.000634975611164025,0.00104681451907393,0,0.000542634208408959,0.000345423143350604,0,0.000125415438640497
"ASV_147",0,0,0,0,0,0,0,0,0,0,8.03772371664345e-05,NA,NA,7.22517122965676e-05,NA,0,NA,0,NA,NA,0.000159801354623791,0.000171013253527148,0,0,0,0,0,0,0,0,0,0,0,0,0,0,0,0,0,0,0,0,0,0,0,0,0,0,0,0,0,0,0,0,0,0,0,0,0,0,0,0,0,0
"ASV_148",0,0,0,0,0,0,0,0,0,0,0,NA,NA,2.29853353560429e-05,NA,0,0,0,NA,NA,0,0.000277896536981616,0,0.00263638736622292,0.00286133016958615,NA,NA,0.00126081723881025,0.000212713156308718,0,0,1.55799641660824e-05,0,0,0,0,0,0,0,0,0,0,0,0,0,0,0,0,0,0,0,0,0,0,0,0,0,0,0,0,0,0,0,0
"ASV_151",0,0,0,0,0,0,0,0,0,0,0,0,0,0,0,0,0,0,0,0,0,0,0.000120985861937848,0.00454189506656225,0.00334984995463745,NA,NA,0.00132962265171974,0,0,0,0,0,0,0,0,0,0,0,0,0,0,0,0,0,0,0,0,0,0,0,0,0,0,0,0,0,0,0,0,0,0,0,0
"ASV_152",0,0,0,0,0,0,0,0,0,0,0,0,0,0,0,0,0,0,0,0,0,0,0,0,0,0,0,0,0,0,0,0,0,0,0,0,0,0,0,0,0,0,0,0,0,0,0,0,0,0,0,0,0,0,0,0,0,0,0,0,0,0,0,0
"ASV_153",0,0,0,0,0,0,0,0,0,0,0,0,0,0,0,0,0,0,0,0,0,0,0,0,0,0,0,0,0,0,0,0,0,0,0,0,0,0,0,0,0,0,0,0,0,0,0,0,0,0,0,0,0,0,0,0,0,0,0,0,0,0,0,0
"ASV_154",0,0,0,0,7.08478719070476e-05,0,0,0,0,0,0,NA,NA,0,NA,0,NA,0.000156567739666111,NA,NA,6.14620594706887e-05,6.41299700726806e-05,0,0,0,0,0,0,3.54521927181196e-05,0,0.000294811320754717,0.000171379605826907,0.00021673997577612,NA,0.000181599460668879,0.000333938597040469,0.000248516666148924,0,0,NA,NA,0,7.84729170345084e-05,0,0.000107807412837707,6.35455224236262e-05,0.000187707110520647,NA,NA,0.000338401840906014,0.000252316726305166,0.000290360046457608,0.000672140055632319,0.000438993780923236,NA,NA,0.000122512354555624,0,0.000285795604781292,8.18498056067116e-05,5.61345732836854e-05,0.000115141047783535,0,0.000250830877280993
"ASV_156",0,0,0,0,0,0,0,0,0,0,0,0,0,0,0,0,0,0,0,0,0,0.000320649850363403,0,0.000417645523362046,0.000333454886010148,NA,NA,0.000362962538445374,0,0,0,0,0,0,0,0,0,0,0,0,0,0,0,0,0,0,0,0,0,0,0,0,0,0,0,0,0,0,0,0,0,0,0,0
"ASV_157",0,0,0,0,0.000318815423581714,0,0,0.000151252939987272,0,0.000114144392656711,0,NA,NA,0,0,0,NA,0,NA,NA,0,0,0,0,0,0,0,0,0,0.000127580854366455,0,0,0,NA,2.53222253171609e-05,0,6.43910434611351e-05,0.00038190694721719,0.000442236537582735,NA,NA,0.000584857507443641,0.000226114563572343,0,0,0.000111204664241346,0.000188723255050784,NA,NA,0,0.000183503073676484,0.000186660029865605,0,0,NA,NA,0,0,0,8.58374415104516e-05,7.48460977115806e-05,0,8.50653585504863e-05,0
"ASV_160",0,0,0,0,0,0,0,0,0,0,0,0,0,0,0,0,0,0,0,0,0,0,0,0,0,0,0,0,0,0,0,0,0,0,0,0,0,0,0,0,0,0,0,0,0,0,0,0,0,0,0,0,0,0.000120108578154652,NA,NA,0.000258659204740518,0.000144312638900915,0,0.000163699611213423,0.000261961341990532,0.0005008762014218,0,0.000438954035241738
"ASV_165",0,0,0,0.00109991432814488,0,5.52476013333088e-05,0,0,0,0,0,NA,NA,0,NA,0,NA,5.54508151269824e-05,NA,NA,2.45848237882755e-05,0,0,0,0,0,0,0,0,0,0,0,0,0,0,0,0,0,0,0,0,0,0,0,0,0,0,0,0,0,0,0,0,0,0,0,0,0,0,0,0,0,0,0
"ASV_166",0,0,0,7.73978831678953e-05,0.000725392392705617,0.000331485607999853,0.000464430668578236,0.000184141715464221,0,0.000155922203558037,0.000160754474332869,NA,NA,4.59706707120857e-05,NA,0.000732579685996237,NA,0.000388155705888876,NA,NA,0.00038106476871827,0,0,0,0,0,0,0,0,0,0.000276385613207547,0,0,0,0,0,0,0,0,0,0,0,0,0,0,0,6.0371161903382e-05,NA,NA,6.76803681812029e-05,0,0,0,0,0,0,0,0,0,0,0,0,0,9.40615789803725e-05
"ASV_169",0,0,0,0,0.000435504558884937,0,0,0,0,0.000114144392656711,0,0,0,0,0,0,NA,0,NA,NA,0.000122924118941378,0.000406156477126978,0.000108658543163416,0.000280603622246586,0.000511782631958499,NA,NA,0.00026744608095975,0,0.000191371281549682,0,0,0,0,0,0,0,0,0,0,0,0,0,0,0,0,0,NA,NA,0.000180480981816541,0.000183503073676484,0,0,0,0,0,0,0,0,0,0,0,0,0
"ASV_170",0,0,0,0,0,0,0,0,0,0,0,0,0,0,0,0,0,0,NA,NA,0,0,3.45673891250994e-05,0,0,NA,NA,0,0,0,0,0,0,0,0,6.2613486945088e-05,0,0.000629754230125453,0.000810766985568348,NA,NA,0.000907021169412334,0.00133403958958664,0,0.000215614825675414,0,0.000123971307985728,NA,NA,0.000180480981816541,0,0,0,0,0,0,0,0,0,0,0,0,0,0
"ASV_171",0,0,0,0,0,0,0,0,0,0,0,0,0,0,0,0,0,0,NA,NA,9.8339295153102e-05,0,0,0,0,0,0,0,0,0.00124876694662061,0.00127137382075472,0.00118407727662226,0,0,0,0,0,0,0,0,0,0,0,0,0,0,0,0,0,0,0,0,0,0,NA,NA,0,0,0,0,0.000411653537413693,0,0,0
"ASV_172",0,0.000149850090473848,6.75055719007086e-05,0.000116096824751843,0,0.000110495202666618,2.01926377642712e-05,0.000192942645697496,0,0,0,NA,NA,0,NA,0.000244193228665412,NA,0.00022180326050793,NA,NA,0.000122924118941377,0.000282842930529523,0.000224688029313146,0.000313234142521535,0,NA,NA,0.000133723040479875,0,0,0.000128979952830189,0,0,0,0,0,0,0,0,0,0,0,0,0,0,0,6.0371161903382e-05,NA,NA,6.76803681812029e-05,9.1751536838242e-05,0.000165920026547204,0.00020619029072831,9.84415987656228e-05,NA,NA,0,0,0,0,0.000156223077978376,0,0.000198485836617801,0
"ASV_173",0,0,0,0,0,0,0,0,0,0,0,0,0,0,0,0,0,0,0,0,0,0,0,0,0,0,0,0,0,0,0,0,0,0,0,0,0,0,0,0,0,0,0,0,0,0,0,0,0,0,0,0,0,0,0,0,0,0,0,0,0,0,0,0
"ASV_174",0,0,0,0,0,0,0,0,0,0,0,0,0,0,0,0,NA,0,NA,NA,0,2.18801891675595e-05,0.000207404334750596,0,2.32628469072045e-05,NA,NA,0,0,0,0,0,0,0,0,0,0,0,0,NA,NA,0,0,0,0,4.76591418177197e-05,0.000313930041897586,NA,NA,0,0,0.000601460096233615,0,0,0,0,0,0,0,0,0,0,0,0
"ASV_177",0,0,6.44454469291745e-05,0.000174145237127765,0.000443769388499884,0.000349901475110955,0.000143864383186674,3.68283430928443e-05,0.000100429335408873,0.000119705386662678,0.000133962061944057,NA,NA,8.044867374615e-05,NA,0,NA,0.000221803260507929,NA,NA,3.68772356824132e-05,0,0,0,0,0,0,0,0,4.25269514554849e-05,0,0.000358339175819895,0.000152992924077261,NA,7.59666759514826e-05,0,0,0,0,0,0,0,0,0,0,0,0,0,0,0,0,0,0,0,0,0,0,0,0,0,0,0,0,0
"ASV_180",0,0,0,0,0,0,0,0,0,0,0,0,0,0,0,0,0,0,0,0,0,0,0,0,0,0,0,0,0,0,0,0,0,0,0,0,0,0,0,0,0,0,0,0,0,0,0,0,0,0,0,0,0,0,0,0,0,0,0,0,0,0,0,0
"ASV_187",0,0,0,0,0,0,0,0,0,0,0,0,0,0,0,0,0,0,NA,NA,0,0,0,0,0,0,0,0,0,0,0,0,0,0,0,0,7.76614581715386e-05,0.000397739513763445,0.000913955511004318,NA,NA,0.000891096519934747,0.000627783336276067,0.000175469380593087,0,0,0,0,0,0,9.56066226660612e-05,0.000124440019910403,9.78018953478149e-05,0,0,0,0,0,0,0,0,0,0,0
"ASV_192",0,0,0,0,0,0,0,0,0,0,0,0,0,0,0,0,0,0,NA,NA,1.22924118941377e-05,0,0,0.000320910361394997,0.000488519785051294,NA,NA,0.00011461974898275,0,0,0,0,0,0,0,4.32619973714316e-05,0,0,0,0,0,0,0,0,0,0,9.65938590454113e-05,NA,NA,6.76803681812029e-05,4.5875768419121e-05,2.07400033184006e-05,0.000320740452244038,0,NA,NA,0,0,0,0,0,0,0,0
"ASV_197",0,0,0.000128890893858349,0,0.000212543615721143,9.20793355555146e-05,0,0,0,0,0,0,0,0,0,0,0,0,NA,NA,0,0,0,0.000522056904202558,0.000744411101030545,NA,NA,0.000534892161919499,0,4.25269514554849e-05,0,0,0,0,0,0,0,0,0,0,0,0,0,0,0,0,0.000181113485710146,NA,NA,0,0,0,0,0,0,0,0,0,0,0,0,0,0,0
"ASV_206",0,0,0,0,0,0,0,0,0,0,0,0,0,0,0,0,0,0,0,0,0,0,0,0,0,0,0,0,0,0,0,0,0,0,0,0,0,0,0,0,0,0,0,0,0,0,0,NA,NA,4.51202454541353e-05,0,0,0,0,0,0,0,0,0,0,0,0,0,0
"ASV_207",0,0,0,0,1.77119679767619e-05,0,0,0,0,9.51203272139256e-05,0,NA,NA,0,NA,8.99460256445802e-05,NA,0.000152489741599202,NA,NA,7.643957960163e-05,0.000425442394708905,0,0.000234925606891151,0.000395468397422477,NA,NA,6.16076839261087e-05,0,0,0,0,0,0,0,0,0,0,0,0,0,0,0,0,0,0,0,0,0,0,0,0,0,0,0,0,0,0,0,0,0,0,0,0
"ASV_220",0,0,0,0,0,0,0,0,0,0,0,0,0,0,0,0,0,0,0,0,0,0,0,0,0,0,0,0,0,0,0,0,0,0,0,0,0,0,0,0,0,0,0,0,0,0,0,0,0,0,0,0,0,0,0,0,0,0,0,0,0,0,0,0
"ASV_227",0,0,0,0,0,0,0,0,0,0,0,NA,NA,0,NA,0,0,0,NA,NA,0,0.000171013253527148,0,0.00049595405899243,0.000744411101030545,NA,NA,0.000477582287428124,0,0,0,0,0,0,0,0,0,0,0,0,0,0,0,0,0,0,0,0,0,0,0,0,0,0,0,0,0,0,0,0,0,0,0,0
"ASV_261",0,0,0,0,0,0,0,0,0,0,0,0,0,0,0,0,0,0,0,0,0,0,0,0,0,0,0,0,0,0,0,0,0,0,0,0,0,0,0,0,0,0,0,0,0,0,0,0,0,0,0,0,0,0,0,0,0,0,0,0,0,0,0,0
"ASV_276",0,0,0,0,0,0,0,0,0,0,0,0,0,0,0,0,0,0,0,0,0,0,0,0,0,0,0,0,0,0,0,0,0,NA,0,0,0,0,0,0,0,0,0,0,0,0,0,0,0,0,0,0,0,0,0,0,0,0,0,0,0.000149692195423161,0.000115141047783535,0,0
